Clase,Intervalo,AP@50,AP@50-95,Modelo
0,1,0.8492941472369581,0.4483257246087981,11s_4
0,2,0.9871037891720228,0.6462120414747142,11s_4
0,3,0.9702970297029704,0.6626716056221007,11s_4
0,4,,,11s_4
1,1,0.834408656998468,0.4127992063121567,11s_4
1,2,0.9882927670226674,0.6887015239186977,11s_4
1,3,0.99009900990099,0.8031834837591081,11s_4
1,4,,,11s_4
2,1,0.0,0.0,11s_4
2,2,0.9364364198399788,0.6431345426302302,11s_4
2,3,0.9563670651146844,0.7203822513651691,11s_4
2,4,1.0,0.6,11s_4
3,1,0.7323604715305793,0.3167192265096331,11s_4
3,2,0.959544442888992,0.5557845050136347,11s_4
3,3,0.9985148514851476,0.7448706140000241,11s_4
3,4,1.0,0.8504950495049505,11s_4
4,1,0.8861386138613857,0.3191432475290872,11s_4
4,2,0.9541753406632242,0.5027835934843539,11s_4
4,3,0.9736876021489612,0.6290153379046164,11s_4
4,4,1.0,0.712800137156573,11s_4
5,1,0.8727627950352155,0.3877974591815564,11s_4
5,2,0.9630266229885284,0.6357733006583619,11s_4
5,3,0.9688042586552892,0.7336982790502076,11s_4
5,4,1.0,0.6773215893017874,11s_4
0,1,0.8149013229122108,0.4109361205626483,11n_4
0,2,0.9852311940499856,0.6234214535621325,11n_4
0,3,0.9702970297029704,0.621390541995376,11n_4
0,4,,,11n_4
1,1,0.7940301341322645,0.3647052944417734,11n_4
1,2,0.977858200359075,0.6721570411154215,11n_4
1,3,0.99009900990099,0.7973632756563921,11n_4
1,4,,,11n_4
2,1,0.0,0.0,11n_4
2,2,0.9367142492321836,0.6271840381750374,11n_4
2,3,0.9535633214725328,0.7114720193135561,11n_4
2,4,1.0,0.8,11n_4
3,1,0.576561282158519,0.2151097540254142,11n_4
3,2,0.9205222556958044,0.4821031548984146,11n_4
3,3,0.9983922920593948,0.7251288076291023,11n_4
3,4,1.0,0.9,11n_4
4,1,0.6458332930067198,0.200517940710531,11n_4
4,2,0.8975714610881688,0.4630443533439538,11n_4
4,3,0.9337064767851736,0.5936965824304744,11n_4
4,4,1.0,0.8013998542711415,11n_4
5,1,0.7225941543515929,0.2764177345817718,11n_4
5,2,0.9311730615017888,0.585147285660099,11n_4
5,3,0.9783561367719784,0.726990425278031,11n_4
5,4,1.0,0.8349976426214049,11n_4
0,1,0.8643822401701564,0.4674396529799171,11m_4
0,2,0.9873165125309054,0.6575555373233769,11m_4
0,3,1.0,0.6476874115983028,11m_4
0,4,,,11m_4
1,1,0.8382685115676852,0.4250604374411326,11m_4
1,2,0.9886082670018508,0.6956123992973392,11m_4
1,3,0.99009900990099,0.8119022293941336,11m_4
1,4,,,11m_4
2,1,0.0,0.0,11m_4
2,2,0.936095443139124,0.6481141680952334,11m_4
2,3,0.9566306283508472,0.7300816228817764,11m_4
2,4,1.0,0.6,11m_4
3,1,0.7526551738622246,0.3122354009836792,11m_4
3,2,0.9633813057023484,0.5673451295364658,11m_4
3,3,1.0,0.7309140809514038,11m_4
3,4,1.0,0.8,11m_4
4,1,0.8577463009458828,0.2814917125117289,11m_4
4,2,0.9360810549092028,0.4909094511067755,11m_4
4,3,0.966706848660879,0.6534428038097173,11m_4
4,4,1.0,0.7188531353135311,11m_4
5,1,0.9505496068115435,0.436952131481051,11m_4
5,2,0.9774235247875964,0.6558364649345922,11m_4
5,3,0.9661590615583304,0.7181052388917266,11m_4
5,4,0.9836924868957476,0.6907081794152259,11m_4
0,1,0.8644923545999104,0.4640549525881739,11l_4
0,2,0.9872667043041272,0.6555383023829211,11l_4
0,3,0.9702970297029704,0.6287059121331954,11l_4
0,4,,,11l_4
1,1,0.8674130002225807,0.4305533452173151,11l_4
1,2,0.98873840008831,0.6962922802260264,11l_4
1,3,0.99009900990099,0.8153931949824486,11l_4
1,4,,,11l_4
2,1,0.0,0.0,11l_4
2,2,0.9330979387089132,0.6460710130126781,11l_4
2,3,0.9545183517943254,0.7261205152236877,11l_4
2,4,1.0,0.8,11l_4
3,1,0.7970558032156391,0.339682842817993,11l_4
3,2,0.9744260835085,0.5792588329888171,11l_4
3,3,0.9974836657633216,0.7411489701300842,11l_4
3,4,1.0,0.8009900990099009,11l_4
4,1,0.893069306930693,0.3030261215089403,11l_4
4,2,0.93201506910993,0.4958191786986285,11l_4
4,3,0.9398365403161468,0.6290731936164532,11l_4
4,4,1.0,0.7974367436743673,11l_4
5,1,0.9415586350298218,0.4544216301150314,11l_4
5,2,0.964505225381914,0.6566938161462913,11l_4
5,3,0.9768441682432316,0.7257759223237211,11l_4
5,4,0.9918462434478738,0.757899424396221,11l_4
0,1,0.8571334019549933,0.4670213011317747,11x_4
0,2,0.9872067536712055,0.6574930927809544,11x_4
0,3,0.9702970297029703,0.6465739288214536,11x_4
0,4,,,11x_4
1,1,0.8589950434069968,0.42534964956694193,11x_4
1,2,0.979466860306183,0.6983226669643086,11x_4
1,3,0.9900990099009901,0.8193253628587869,11x_4
1,4,,,11x_4
2,1,0.0,0.0,11x_4
2,2,0.9348881591066639,0.6504327928378724,11x_4
2,3,0.9600480497458048,0.7398216263219303,11x_4
2,4,1.0,0.8,11x_4
3,1,0.8102344588400633,0.35240441679092177,11x_4
3,2,0.9664115415004884,0.5761468272152792,11x_4
3,3,0.9985174988087043,0.7342696560793788,11x_4
3,4,1.0,0.8252475247524753,11x_4
4,1,0.8314462215452311,0.31604570057505854,11x_4
4,2,0.9371760302319528,0.506303403891425,11x_4
4,3,0.9443363324829167,0.6269724015062408,11x_4
4,4,0.958195819581957,0.7140319031903185,11x_4
5,1,0.9272136584223007,0.45327447143088184,11x_4
5,2,0.9851575569924235,0.6711649535169812,11x_4
5,3,0.9675337066694066,0.7621367130029988,11x_4
5,4,1.0,0.7759240924092411,11x_4
